INSERT INTO country (ID, NAME) VALUES ( 'eb0c70b8-39a0-41de-9b94-e1987eb07460', 'COUNTRY0' );
INSERT INTO country (ID, NAME) VALUES ( 'e27db84c-bf78-4c16-85f3-fe46b4c525de', 'COUNTRY1' );
INSERT INTO country (ID, NAME) VALUES ( '84d3954b-dbbb-4fb6-a9a3-574df8561f20', 'COUNTRY2' );
INSERT INTO country (ID, NAME) VALUES ( '15fcac4e-5d8a-4290-b733-14a6ff4cdf4c', 'COUNTRY3' );
INSERT INTO country (ID, NAME) VALUES ( '952bc064-65b6-4422-abd3-9dd005ddbcd0', 'COUNTRY4' );

INSERT INTO brand (ID, NAME) VALUES ( 'e1a79278-39b9-44c1-9e2d-983554e141cc', 'BRAND0' );
INSERT INTO brand (ID, NAME) VALUES ( '6d069d47-3a46-433c-90b8-ef25435c6d3d', 'BRAND1' );
INSERT INTO brand (ID, NAME) VALUES ( '05a9d4fa-7d64-4fa9-96ee-e2018f0f57fa', 'BRAND2' );
INSERT INTO brand (ID, NAME) VALUES ( 'e46097ec-cd1f-4432-a884-48168787f354', 'BRAND3' );
INSERT INTO brand (ID, NAME) VALUES ( 'bf759289-d28e-4557-8542-941d6baead49', 'BRAND4' );

INSERT INTO car (ID,CREATED_AT,LAST_UPDATED,BRAND_ID,COUNTRY_ID,REGISTRATION) VALUES ('f6cf16d4-6b91-11eb-9439-0242ac130002','2021-02-01 15:27:53.795','2021-02-01 15:27:53.795','e1a79278-39b9-44c1-9e2d-983554e141cc','eb0c70b8-39a0-41de-9b94-e1987eb07460','2021-02-01 15:27:53.792');
INSERT INTO car (ID,CREATED_AT,LAST_UPDATED,BRAND_ID,COUNTRY_ID,REGISTRATION) VALUES ('f6cf1a08-6b91-11eb-9439-0242ac130002','2021-02-01 15:45:57.244','2021-02-01 15:45:57.27','e1a79278-39b9-44c1-9e2d-983554e141cc','eb0c70b8-39a0-41de-9b94-e1987eb07460','2012-02-09 15:45:57.267');
INSERT INTO car (ID,CREATED_AT,LAST_UPDATED,BRAND_ID,COUNTRY_ID,REGISTRATION) VALUES ('f6cf1b20-6b91-11eb-9439-0242ac130002','2021-02-01 15:48:07.574','2021-02-01 15:48:07.723','6d069d47-3a46-433c-90b8-ef25435c6d3d','e27db84c-bf78-4c16-85f3-fe46b4c525de','2013-02-08 15:48:07.723');
INSERT INTO car (ID,CREATED_AT,LAST_UPDATED,BRAND_ID,COUNTRY_ID,REGISTRATION) VALUES ('f6cf1be8-6b91-11eb-9439-0242ac130002','2021-02-01 15:49:23.338','2021-02-01 15:49:23.338','6d069d47-3a46-433c-90b8-ef25435c6d3d','e27db84c-bf78-4c16-85f3-fe46b4c525de','2021-01-31 15:49:23.335');
INSERT INTO car (ID,CREATED_AT,LAST_UPDATED,BRAND_ID,COUNTRY_ID,REGISTRATION) VALUES ('f6cf1eae-6b91-11eb-9439-0242ac130002','2021-02-01 15:49:23.352','2021-02-01 15:49:23.352','05a9d4fa-7d64-4fa9-96ee-e2018f0f57fa','84d3954b-dbbb-4fb6-a9a3-574df8561f20','2020-02-01 15:49:23.352');
INSERT INTO car (ID,CREATED_AT,LAST_UPDATED,BRAND_ID,COUNTRY_ID,REGISTRATION) VALUES ('f6cf1f9e-6b91-11eb-9439-0242ac130002','2021-02-01 15:49:23.353','2021-02-01 15:49:23.353','05a9d4fa-7d64-4fa9-96ee-e2018f0f57fa','84d3954b-dbbb-4fb6-a9a3-574df8561f20','2019-02-02 15:49:23.353');
INSERT INTO car (ID,CREATED_AT,LAST_UPDATED,BRAND_ID,COUNTRY_ID,REGISTRATION) VALUES ('f6cf205c-6b91-11eb-9439-0242ac130002','2021-02-01 15:49:23.353','2021-02-01 15:49:23.353','e46097ec-cd1f-4432-a884-48168787f354','15fcac4e-5d8a-4290-b733-14a6ff4cdf4c','2018-02-03 15:49:23.353');
INSERT INTO car (ID,CREATED_AT,LAST_UPDATED,BRAND_ID,COUNTRY_ID,REGISTRATION) VALUES ('f6cf211a-6b91-11eb-9439-0242ac130002','2021-02-01 15:49:23.354','2021-02-01 15:49:23.354','e46097ec-cd1f-4432-a884-48168787f354','15fcac4e-5d8a-4290-b733-14a6ff4cdf4c','2017-02-04 15:49:23.354');
INSERT INTO car (ID,CREATED_AT,LAST_UPDATED,BRAND_ID,COUNTRY_ID,REGISTRATION) VALUES ('f6cf21ce-6b91-11eb-9439-0242ac130002','2021-02-01 15:49:23.354','2021-02-01 15:49:23.354','bf759289-d28e-4557-8542-941d6baead49','952bc064-65b6-4422-abd3-9dd005ddbcd0','2016-02-05 15:49:23.354');
INSERT INTO car (ID,CREATED_AT,LAST_UPDATED,BRAND_ID,COUNTRY_ID,REGISTRATION) VALUES ('f6cf228c-6b91-11eb-9439-0242ac130002','2021-02-01 15:49:23.354','2021-02-01 15:49:23.354','bf759289-d28e-4557-8542-941d6baead49','952bc064-65b6-4422-abd3-9dd005ddbcd0','2015-02-06 15:49:23.354');



